<?xml version="1.0" encoding="UTF-8"?>
<bookstore>



<book id="0101">
  <title>قلندر و قلعه</title>
  <publishyear>1397</publishyear>
  <price>450000</price>
  <description> قلندر و قلعه، داستان زندگی شیخ اشراق، شهابالدین یحیی بن حبش سهروردی از حکما و عرفای بزرگ قرن ششم هجری ایران است.این کتاب به قلم دکتر سید یحیی یثربی نوشته شده است. نویسنده در این کتاب که جنبة زندگینامهای آن بسیار دقیق و قوی است به نحوة شکلگیری ذهنیت شیخ شهابالدین از کودکی و تأثیرپذیری وی از معلمان و استادانش پرداخته است. در این داستان تا حدی دیدگاههای فلسفه سهروردی به زبان ساده آمده است و اساس این نوشته راه و رسم سلوکی اوست که میراث حکما، علما و به ویژه فرزانگان است. </description>
  <subject>سرگذشتنامه</subject>
  <authors>
    <author>سید یحیی یثربی</author>
  </authors>
  <translators>
    <translator></translator>
  </translators>
  <publisher>نشر قو</publisher>
</book>


<book id="0102">
  <title>یک عاشقانه ی آرام</title>
  <publishyear>1374</publishyear>
  <price>200000</price>
  <description> داستان یک عاشقانه آرام روایتی است از قبل از انقلاب سال 57. شخصیت اصلی این رمان گیله مرد معلمی است که علاوه بر تدریس فعالیت های سیاسی زیادی انجام می دهد.او در یکی از سفرهای خود با دختر زیبایی به نام عسل ازدواج می کند و شروع عاشقانه آرام پس از این واقعه شکل می گیرد. </description>
  <subject>داستان کودکان</subject>
  <authors>
    <author>نادر ابراهیمی</author>
  </authors>
  <translators>
    <translator></translator>
  </translators>
  <publisher>نشر روزبهان</publisher>
</book>


<book id="0103">
  <title>پنچمین فصل سال</title>
  <publishyear>1397</publishyear>
  <price>1660000</price>
  <description> «پندار پناهی» پزشکی 35 ساله است که پس از چهار سال دوری از وطن به ایران بازگشته است. «البرز» دوست صمیمی پندار به دیدار او می‌رود. دیدن البرز یادآور گذشته تلخ و شیرینی است که پندار را ناراحت می‌کند. زمانی که پندار ازدواج می‌کند و صاحب فرزندی به نام «دیار» می‌شود. در حادثه‌ای دیار فوت می‌کند و پدر پندار، او را در کشته شدن دیار مقصر می‌داند چون به گفته «فرناز» همسر پندار، فکر می‌کند که او مست بوده است و ... </description>
  <subject>رمان</subject>
  <authors>
    <author>محرابه سادات قریشی</author>
  </authors>
  <translators>
    <translator></translator>
  </translators>
  <publisher>انتشارات علی</publisher>
</book>



<book id="0104">
  <title>جای خالی سلوچ</title>
  <publishyear>1346</publishyear>
  <price>200000</price>
  <description> داستان جای خالی سلوچ روایت دردمندانه زندگی یک زن روستایی (مِرگان) در یکی از نقاط دورافتادهٔ ایران (روستای زمینج) است که سعی می‌کند پس از ناپدید شدن ناگهانی شوهرش کانون خانواده را همچنان حفظ کند. مرگان دو پسر به نام‌های عباس و اَبراو  و دختری به نام هاجر دارد.</description>
  <subject>رمان </subject>
  <authors>
    <author>محمود دولت آبادی</author>
  </authors>
  <translators>
    <translator></translator>
  </translators>
  <publisher>نشر چشمه</publisher>
</book>


<book id="0105">
  <title>طبل حلبی</title>
  <publishyear>1346</publishyear>
  <price>200000</price>
  <description>  شخصیت اصلی این رمان پسری است که تصمیم می‌گیرد از سن سه سالگی بزرگ‌تر نشود؛ بنابراین در همان قد و قوارهٔ کودکی باقی می‌ماند. اما از نظر فکری رشد می‌کند. افراد دور و بر این پسر او را کودک می‌انگارند. در حالی که او همه چیز را می‌بیند و درک می‌کند و هر جا که بتواند از توانایی‌های خاص خودش برای تفریح یا تغییر شرایط استفاده می‌کند.

در این رمان وقایعی مربوط به دوران هیتلر آمده‌است که این کودک نیز شاهد آنها است و نقشی در آنها ایفا می‌کند. شرایط این کودک که به صورتی ناقص‌الخلقه باعث آزار دیگران می‌شود یا با استفاده از احساسات دیگران از آنها سوءاستفاده می‌نماید، به نوعی نشانگر شرایط زمانی جامعهٔ آن دوران آلمان است. </description>
  <subject>رمان</subject>
  <authors>
    <author>گونتر گراس</author>
  </authors>
  <translators>
    <translator>سروش حبیبی</translator>
  </translators>
  <publisher>انتشارات نیلوفر</publisher>
</book>


<book id="0106">
  <title>نقشه راه موفقیت</title>
  <publishyear>1374</publishyear>
  <price>200000</price>
  <description> در کتاب «نقشه‌ راه موفقیت» جان‌مکسول که یکی از پرفروش‌ترین نویسندگان در جهان است، اصولی کاربردی به شما می‌آموزد که برای تهیه‌ نقشه‌ شخصی خود برای سفر موفقیت، آماده شوید. در این کتاب می‌آموزید که چگونه چمدان‌های خود را برای این سفر آماده کرده، از مسیرهای انحرافی پرهیز کرده و خانواده‌ خود را به همراه برده و در طول راه مهارت‌های برقراری ارتباط با دیگران را بالا ببرید. نویسنده با مطرح کردن سؤالات و تمرینات عمیق، کمک می‌کند تا روی نقشه‌ خود فکر کرده و برای رسیدن به هدف، پیشرفت کنید. کتاب «نقشه‌ راه موفقیت» وسیله‌ای جامع و ارزشمند است که به شما کمک می‌کند در جاده‌ای که خودتان آن را ساخته‌اید، سفر کرده و به جلو حرکت کنید و آرزوهایتان را جامه‌ عمل پوشانده و با قدرت سفر را به پایان برسانید. </description>
  <subject>آموزشی</subject>
  <authors>
    <author>جان سی مکسول</author>
  </authors>
  <translators>
    <translator>نعیمه ترابی فرد</translator>
  </translators>
  <publisher>انتشارات سپید</publisher>
</book>


</bookstore>